Ship;Date;hour;minute;UTC_Seconds;Latitude;Longitude;ow_temp;ow_humidity;ow_pressure;ow_dewPoint;ow_feelsLike;ow_dt
A-AU;2020-12-11 00:00:00;0;0;1607644800;59.42411800000001;23.6462;-4.75;85;1019;-6.64;-10.07;1607644800
A-AU;2020-12-11 01:00:00;1;0;1607648400;59.446281000000006;23.965918;-6.12;85;1019;-7.99;-11.91;1607648400
A-AU;2020-12-11 02:00:00;2;0;1607652000;59.51558299999999;23.942332999999998;-5.83;85;1019;-7.71;-11.24;1607652000
A-AU;2020-12-11 03:00:00;3;0;1607655600;59.478232999999996;23.586983;-3.13;92;1018;-4.12;-8.53;1607655600
A-AU;2020-12-11 04:00:00;4;0;1607659200;59.4319;23.199551;-6.25;92;1016;-7.21;-11.96;1607659200
A-AU;2020-12-11 05:00:00;5;0;1607662800;59.325084999999994;22.9573;-4.0;92;1016;-4.98;-9.14;1607662800
A-AU;2020-12-11 06:00:00;6;0;1607666400;59.366051;23.286734;-4.97;92;1016;-5.94;-12.33;1607666400
A-AU;2020-12-11 07:00:00;7;0;1607670000;59.418884;23.603399;-4.61;85;1017;-6.5;-9.21;1607670000
A-AU;2020-12-11 08:00:00;8;0;1607673600;59.43448299999999;23.8713;-4.58;92;1016;-5.55;-9.08;1607673600
A-AU;2020-12-11 09:00:00;9;0;1607677200;59.45575;23.904532999999997;-3.85;92;1016;-4.83;-8.28;1607677200
A-AU;2020-12-11 10:00:00;10;0;1607680800;59.477402000000005;24.158667;-3.22;86;1016;-5.0;-7.67;1607680800
A-AU;2020-12-11 11:00:00;11;0;1607684400;59.512516000000005;23.90815;-2.95;92;1015;-3.94;-7.28;1607684400
A-AU;2020-12-11 12:00:00;12;0;1607688000;59.478381999999996;23.590999999999998;-2.13;92;1016;-3.12;-6.71;1607688000
A-AU;2020-12-11 13:00:00;13;0;1607691600;59.460032999999996;23.716116;-2.42;86;1015;-4.21;-7.14;1607691600
A-AU;2020-12-11 14:00:00;14;0;1607695200;59.496315;24.002501000000002;-2.49;86;1015;-4.28;-7.22;1607695200
A-AU;2020-12-11 15:00:00;15;0;1607698800;59.516365;24.092251;-1.99;92;1015;-2.98;-6.56;1607698800
A-AU;2020-12-11 16:00:00;16;0;1607702400;59.49585;24.53635;-2.0;86;1015;-3.79;-6.67;1607702400
A-AU;2020-12-11 17:00:00;17;0;1607706000;59.450931999999995;24.767117000000002;-2.25;92;1014;-3.24;-6.85;1607706000
A-AU;2020-12-11 18:00:00;18;0;1607709600;59.449966;24.766567000000002;-1.93;92;1014;-2.92;-6.14;1607709600
A-AU;2020-12-11 19:00:00;19;0;1607713200;59.44998199999999;24.766567000000002;-1.52;92;1014;-2.52;-5.68;1607713200
A-AU;2020-12-11 20:00:00;20;0;1607716800;59.44998199999999;24.766567000000002;-1.04;92;1014;-2.04;-5.14;1607716800
A-AU;2020-12-11 21:00:00;21;0;1607720400;59.449966;24.766567000000002;-0.94;92;1014;-1.94;-5.03;1607720400
A-AU;2020-12-11 22:00:00;22;0;1607724000;59.449966;24.766567000000002;-0.69;92;1014;-1.69;-5.1;1607724000
A-AU;2020-12-11 23:00:00;23;0;1607727600;59.44998199999999;24.766567000000002;-0.54;92;1014;-1.54;-4.93;1607727600
A-BE;2020-12-11 00:00:00;0;0;1607644800;28.064698999999997;-15.374184;18.41;68;1025;12.4;14.11;1607644800
A-BE;2020-12-11 01:00:00;1;0;1607648400;28.064966;-15.37415;18.26;68;1025;12.26;13.57;1607648400
A-BE;2020-12-11 02:00:00;2;0;1607652000;28.064884000000003;-15.3749;18.25;68;1025;12.25;14.6;1607652000
A-BE;2020-12-11 03:00:00;3;0;1607655600;28.064816999999998;-15.374217000000002;18.25;72;1025;13.12;14.53;1607655600
A-BE;2020-12-11 04:00:00;4;0;1607659200;28.064816999999998;-15.374482999999998;18.09;68;1024;12.1;13.35;1607659200
A-BE;2020-12-11 05:00:00;5;0;1607662800;28.065384;-15.375484;17.91;68;1024;11.93;13.81;1607662800
A-BE;2020-12-11 06:00:00;6;0;1607666400;28.0648;-15.373532999999998;18.09;68;1024;12.1;14.4;1607666400
A-BE;2020-12-11 07:00:00;7;0;1607670000;28.065033000000003;-15.375082999999998;17.69;82;1024;14.58;14.46;1607670000
A-BE;2020-12-11 08:00:00;8;0;1607673600;28.064698999999997;-15.3739;17.34;82;1021;14.24;12.18;1607673600
A-BE;2020-12-11 09:00:00;9;0;1607677200;28.064751;-15.374617;18.04;77;1021;13.95;14.6;1607677200
A-BE;2020-12-11 10:00:00;10;0;1607680800;28.064899;-15.373616;19.82;64;1022;12.82;14.18;1607680800
A-BE;2020-12-11 11:00:00;11;0;1607684400;28.065067;-15.372832999999998;21.08;64;1026;14.01;16.6;1607684400
A-BE;2020-12-11 12:00:00;12;0;1607688000;28.064783000000002;-15.374;21.79;60;1025;13.69;16.85;1607688000
A-BE;2020-12-11 13:00:00;13;0;1607691600;28.064783000000002;-15.374332999999998;21.4;73;1024;16.36;15.96;1607691600
A-BE;2020-12-11 14:00:00;14;0;1607695200;28.0648;-15.374416;21.96;64;1024;14.85;16.31;1607695200
A-BE;2020-12-11 15:00:00;15;0;1607698800;28.064867;-15.3732;22.29;64;1023;15.16;17.1;1607698800
A-BE;2020-12-11 16:00:00;16;0;1607702400;28.065033000000003;-15.373016;21.6;73;1023;16.56;17.29;1607702400
A-BE;2020-12-11 17:00:00;17;0;1607706000;28.064934;-15.373567000000001;20.7;82;1020;17.52;16.78;1607706000
A-BE;2020-12-11 18:00:00;18;0;1607709600;28.0646;-15.374482999999998;19.44;88;1023;17.4;16.24;1607709600
A-BE;2020-12-11 19:00:00;19;0;1607713200;28.065184000000002;-15.37545;19.27;88;1023;17.23;16.7;1607713200
A-BE;2020-12-11 20:00:00;20;0;1607716800;28.064766;-15.374066000000001;19.1;88;1023;17.07;16.82;1607716800
A-BE;2020-12-11 21:00:00;21;0;1607720400;28.064567999999998;-15.374516;18.93;88;1024;16.9;16.23;1607720400
A-BE;2020-12-11 22:00:00;22;0;1607724000;28.065116999999997;-15.375283;18.76;88;1024;16.73;16.34;1607724000
A-BE;2020-12-11 23:00:00;23;0;1607727600;28.064966;-15.373716;18.41;93;1024;17.26;16.55;1607727600
A-BL;2020-12-11 00:00:00;0;0;1607644800;42.082077000000005;11.762945;6.88;100;1004;6.88;5.1;1607644800
A-BL;2020-12-11 01:00:00;1;0;1607648400;42.082382;11.763093;7.04;100;998;7.04;5.65;1607648400
A-BL;2020-12-11 02:00:00;2;0;1607652000;42.082165;11.762868;6.85;100;1004;6.85;5.07;1607652000
A-BL;2020-12-11 03:00:00;3;0;1607655600;42.081866999999995;11.762915;6.65;100;998;6.65;5.17;1607655600
A-BL;2020-12-11 04:00:00;4;0;1607659200;42.081996999999994;11.763033;6.41;100;1004;6.41;4.88;1607659200
A-BL;2020-12-11 05:00:00;5;0;1607662800;42.082333;11.763205000000001;5.87;93;1004;4.83;3.66;1607662800
A-BL;2020-12-11 06:00:00;6;0;1607666400;42.082316999999996;11.763514;5.69;93;999;4.65;2.33;1607666400
A-BL;2020-12-11 07:00:00;7;0;1607670000;42.081821000000005;11.76347;5.23;93;1000;4.19;1.78;1607670000
A-BL;2020-12-11 08:00:00;8;0;1607673600;42.081692;11.763825;6.38;86;1000;4.21;2.93;1607673600
A-BL;2020-12-11 09:00:00;9;0;1607677200;42.081696;11.763988000000001;7.29;87;1000;5.27;3.35;1607677200
A-BL;2020-12-11 10:00:00;10;0;1607680800;42.081684;11.764007000000001;8.59;75;999;4.42;3.78;1607680800
A-BL;2020-12-11 11:00:00;11;0;1607684400;42.081875;11.764292;9.56;76;998;5.54;5.68;1607684400
A-BL;2020-12-11 12:00:00;12;0;1607688000;42.08189;11.764209;10.27;71;998;5.25;7.37;1607688000
A-BL;2020-12-11 13:00:00;13;0;1607691600;42.082046999999996;11.764235000000001;10.41;71;998;5.38;8.66;1607691600
A-BL;2020-12-11 14:00:00;14;0;1607695200;42.081866999999995;11.764194;10.99;66;998;4.89;9.49;1607695200
A-BL;2020-12-11 15:00:00;15;0;1607698800;42.081833;11.76396;10.21;66;998;4.15;8.22;1607698800
A-BL;2020-12-11 16:00:00;16;0;1607702400;42.081790999999996;11.763745;8.46;66;997;2.48;6.52;1607702400
A-BL;2020-12-11 17:00:00;17;0;1607706000;42.081866999999995;11.763523;7.42;75;997;3.28;5.27;1607706000
A-BL;2020-12-11 18:00:00;18;0;1607709600;42.081863;11.763485000000001;6.55;87;996;4.54;4.29;1607709600
A-BL;2020-12-11 19:00:00;19;0;1607713200;42.081715;11.763595;6.65;87;996;4.64;3.98;1607713200
A-BL;2020-12-11 20:00:00;20;0;1607716800;42.081871;11.763802;6.87;87;995;4.86;4.25;1607716800
A-BL;2020-12-11 21:00:00;21;0;1607720400;42.081821000000005;11.763554;6.38;93;994;5.33;4.62;1607720400
A-BL;2020-12-11 22:00:00;22;0;1607724000;42.081863;11.763817;6.57;93;995;5.52;4.85;1607724000
A-BL;2020-12-11 23:00:00;23;0;1607727600;42.08189;11.763641;6.2;93;995;5.15;4.06;1607727600
A-CA;2020-12-11 01:00:00;1;0;1607648400;59.451088;24.765623;-9.0;85;1019;-10.83;-15.0;1607648400
A-CA;2020-12-11 02:00:00;2;0;1607652000;59.451092;24.765631;-9.0;85;1018;-10.83;-14.65;1607652000
A-CA;2020-12-11 03:00:00;3;0;1607655600;59.451083999999994;24.765632999999998;-8.0;85;1018;-9.85;-13.58;1607655600
A-CA;2020-12-11 04:00:00;4;0;1607659200;59.451083999999994;24.765629;-7.15;85;1016;-9.01;-12.32;1607659200
A-CA;2020-12-11 05:00:00;5;0;1607662800;59.451092;24.765638;-6.27;85;1016;-8.14;-12.42;1607662800
A-CA;2020-12-11 06:00:00;6;0;1607666400;59.451092;24.765631;-5.62;92;1016;-6.59;-10.92;1607666400
A-CA;2020-12-11 07:00:00;7;0;1607670000;59.451088;24.765629;-4.79;92;1016;-5.76;-10.36;1607670000
A-CA;2020-12-11 08:00:00;8;0;1607673600;59.451083999999994;24.765635;-4.46;92;1016;-5.44;-9.65;1607673600
A-CA;2020-12-11 09:00:00;9;0;1607677200;59.451083999999994;24.765631;-3.85;92;1015;-4.83;-8.98;1607677200
A-CA;2020-12-11 10:00:00;10;0;1607680800;59.451088;24.765629;-3.21;86;1015;-4.99;-8.01;1607680800
A-CA;2020-12-11 11:00:00;11;0;1607684400;59.451092;24.765631;-2.99;86;1015;-4.77;-7.77;1607684400
A-CA;2020-12-11 12:00:00;12;0;1607688000;59.451080000000005;24.765642;-2.75;86;1015;-4.53;-7.5;1607688000
A-CA;2020-12-11 13:00:00;13;0;1607691600;59.451083999999994;24.765635999999997;-2.59;86;1015;-4.37;-6.98;1607691600
A-CA;2020-12-11 14:00:00;14;0;1607695200;59.451088;24.765638;-2.59;92;1015;-3.58;-7.58;1607695200
A-CA;2020-12-11 15:00:00;15;0;1607698800;59.451088;24.765646;-2.35;92;1015;-3.34;-6.96;1607698800
A-CA;2020-12-11 16:00:00;16;0;1607702400;59.451083999999994;24.765635;-2.01;86;1015;-3.8;-6.68;1607702400
A-CA;2020-12-11 17:00:00;17;0;1607706000;59.451092;24.76565;-2.25;92;1014;-3.24;-6.85;1607706000
A-CA;2020-12-11 18:00:00;18;0;1607709600;59.451088;24.765638;-1.93;92;1014;-2.92;-6.14;1607709600
A-CA;2020-12-11 19:00:00;19;0;1607713200;59.451083999999994;24.765635;-1.52;92;1014;-2.52;-5.68;1607713200
A-CA;2020-12-11 20:00:00;20;0;1607716800;59.451096;24.765638;-1.04;92;1014;-2.04;-5.14;1607716800
A-CA;2020-12-11 21:00:00;21;0;1607720400;59.451088;24.765629;-0.94;92;1014;-1.94;-5.03;1607720400
A-CA;2020-12-11 22:00:00;22;0;1607724000;59.451092;24.765635999999997;-0.69;92;1014;-1.69;-5.1;1607724000
A-CA;2020-12-11 23:00:00;23;0;1607727600;59.451092;24.765635;-0.54;92;1014;-1.54;-4.93;1607727600
A-DV;2020-12-11 00:00:00;0;0;1607644800;57.676163;10.587537;3.33;83;1009;0.72;-1.99;1607644800
A-DV;2020-12-11 01:00:00;1;0;1607648400;57.675674;10.586228;3.33;84;1008;0.89;-2.9;1607648400
A-DV;2020-12-11 02:00:00;2;0;1607652000;57.675484;10.585948;3.33;85;1008;1.05;-2.25;1607652000
A-DV;2020-12-11 03:00:00;3;0;1607655600;57.67519;10.586139;3.33;84;1007;0.89;-2.27;1607655600
A-DV;2020-12-11 04:00:00;4;0;1607659200;57.675678000000005;10.586182;3.33;82;1007;0.56;-2.02;1607659200
A-DV;2020-12-11 05:00:00;5;0;1607662800;57.675323;10.586046000000001;3.33;82;1007;0.56;-2.64;1607662800
A-DV;2020-12-11 06:00:00;6;0;1607666400;57.676247;10.587638;3.13;93;1005;2.11;-2.09;1607666400
A-DV;2020-12-11 07:00:00;7;0;1607670000;57.675503000000006;10.586014;3.13;93;1005;2.11;-2.09;1607670000
A-DV;2020-12-11 08:00:00;8;0;1607673600;57.674839;10.58605;3.13;86;1005;1.02;-2.27;1607673600
A-DV;2020-12-11 09:00:00;9;0;1607677200;57.675003000000004;10.585954;2.51;93;1005;1.49;-2.12;1607677200
A-DV;2020-12-11 10:00:00;10;0;1607680800;57.674907999999995;10.586003;3.13;86;1005;1.02;-1.92;1607680800
A-DV;2020-12-11 11:00:00;11;0;1607684400;57.674847;10.586028;3.13;93;1005;2.11;-3.56;1607684400
A-DV;2020-12-11 12:00:00;12;0;1607688000;57.67501800000001;10.585927;3.34;86;1004;1.23;-2.45;1607688000
A-DV;2020-12-11 13:00:00;13;0;1607691600;57.67531999999999;10.586298;3.34;86;1004;1.23;-2.45;1607691600
A-DV;2020-12-11 14:00:00;14;0;1607695200;57.67599499999999;10.587256;3.34;86;1004;1.23;-2.45;1607695200
A-DV;2020-12-11 15:00:00;15;0;1607698800;57.67564;10.586037;3.36;86;1004;1.24;-2.43;1607698800
A-DV;2020-12-11 16:00:00;16;0;1607702400;57.676079;10.587835;3.89;83;1005;1.27;-2.6;1607702400
A-DV;2020-12-11 17:00:00;17;0;1607706000;57.675858;10.586413;3.89;84;1005;1.44;-1.63;1607706000
A-DV;2020-12-11 18:00:00;18;0;1607709600;57.675945;10.586603;3.89;84;1005;1.44;-1.0;1607709600
A-DV;2020-12-11 19:00:00;19;0;1607713200;57.674839;10.586265;3.33;84;1005;0.89;-2.9;1607713200
A-DV;2020-12-11 20:00:00;20;0;1607716800;57.676067;10.586667;3.33;84;1005;0.89;-2.59;1607716800
A-DV;2020-12-11 21:00:00;21;0;1607720400;57.674911;10.5861;3.33;83;1005;0.72;-2.3;1607720400
A-DV;2020-12-11 22:00:00;22;0;1607724000;57.676003;10.587008;3.33;83;1005;0.72;-2.3;1607724000
A-DV;2020-12-11 23:00:00;23;0;1607727600;57.674965;10.586210000000001;3.33;82;1005;0.56;-2.64;1607727600
A-LN;2020-12-11 00:00:00;0;0;1607644800;28.50477;-16.155727;14.85;82;1026;11.81;14.36;1607644800
A-LN;2020-12-11 01:00:00;1;0;1607648400;28.505946999999995;-16.15707;14.29;82;1026;11.26;12.87;1607648400
A-LN;2020-12-11 02:00:00;2;0;1607652000;28.505726;-16.157211;14.59;87;1025;12.45;14.65;1607652000
A-LN;2020-12-11 03:00:00;3;0;1607655600;28.505295;-16.156655999999998;14.82;87;1026;12.68;14.95;1607655600
A-LN;2020-12-11 04:00:00;4;0;1607659200;28.505531;-16.156729000000002;15.18;82;1025;12.13;14.79;1607659200
A-LN;2020-12-11 05:00:00;5;0;1607662800;28.505556;-16.156143;15.31;87;1026;13.16;12.04;1607662800
A-LN;2020-12-11 06:00:00;6;0;1607666400;28.505325;-16.155815;14.96;87;1024;12.82;14.78;1607666400
A-LN;2020-12-11 07:00:00;7;0;1607670000;28.505521999999996;-16.155489000000003;15.01;87;1026;12.87;14.43;1607670000
A-LN;2020-12-11 08:00:00;8;0;1607673600;28.505026;-16.155979000000002;15.09;87;1025;12.94;14.53;1607673600
A-LN;2020-12-11 09:00:00;9;0;1607677200;28.50511;-16.155703;15.34;87;1028;13.19;15.28;1607677200
A-LN;2020-12-11 10:00:00;10;0;1607680800;28.505053999999998;-16.156019;16.68;82;1028;13.6;16.76;1607680800
A-LN;2020-12-11 11:00:00;11;0;1607684400;28.505028000000003;-16.156589999999998;16.73;82;1028;13.64;15.0;1607684400
A-LN;2020-12-11 12:00:00;12;0;1607688000;28.505696999999998;-16.15731;17.97;77;1028;13.88;17.37;1607688000
A-LN;2020-12-11 13:00:00;13;0;1607691600;28.505945;-16.157103;17.84;87;1027;15.65;17.52;1607691600
A-LN;2020-12-11 14:00:00;14;0;1607695200;28.505266;-16.156523;18.19;82;1026;15.07;17.31;1607695200
A-LN;2020-12-11 15:00:00;15;0;1607698800;28.504927000000002;-16.156202;19.14;77;1025;15.02;18.94;1607698800
A-LN;2020-12-11 16:00:00;16;0;1607702400;28.505636;-16.157024;18.83;82;1024;15.69;19.23;1607702400
A-LN;2020-12-11 17:00:00;17;0;1607706000;28.504951000000002;-16.155729;18.49;82;1024;15.36;18.77;1607706000
A-LN;2020-12-11 18:00:00;18;0;1607709600;28.505846000000002;-16.157045;17.48;87;1025;15.29;18.15;1607709600
A-LN;2020-12-11 19:00:00;19;0;1607713200;28.505003000000002;-16.155586;17.5;93;1024;16.36;18.15;1607713200
A-LN;2020-12-11 20:00:00;20;0;1607716800;28.504922999999998;-16.155855;17.38;93;1024;16.24;17.29;1607716800
A-LN;2020-12-11 21:00:00;21;0;1607720400;28.505236;-16.155449;17.52;100;1024;17.52;18.64;1607720400
A-LN;2020-12-11 22:00:00;22;0;1607724000;28.505133;-16.156532000000002;16.91;93;1025;15.77;17.76;1607724000
A-LN;2020-12-11 23:00:00;23;0;1607727600;28.505026;-16.155954;16.84;100;1025;16.84;17.69;1607727600
A-MR;2020-12-11 00:00:00;0;0;1607644800;28.473398;-16.245081;14.97;82;1026;11.93;14.52;1607644800
A-MR;2020-12-11 01:00:00;1;0;1607648400;28.4734;-16.245075;14.29;82;1026;11.26;12.87;1607648400
A-MR;2020-12-11 02:00:00;2;0;1607652000;28.4734;-16.245077;14.74;87;1025;12.6;14.84;1607652000
A-MR;2020-12-11 03:00:00;3;0;1607655600;28.4734;-16.245075;14.89;87;1026;12.75;15.04;1607655600
A-MR;2020-12-11 04:00:00;4;0;1607659200;28.473396;-16.245077;15.31;82;1025;12.26;14.96;1607659200
A-MR;2020-12-11 05:00:00;5;0;1607662800;28.473396;-16.245079;15.28;87;1026;13.13;12.22;1607662800
A-MR;2020-12-11 06:00:00;6;0;1607666400;28.473396;-16.245077;15.13;87;1024;12.98;15.01;1607666400
A-MR;2020-12-11 07:00:00;7;0;1607670000;28.473398;-16.245077;15.0;87;1026;12.86;14.42;1607670000
A-MR;2020-12-11 08:00:00;8;0;1607673600;28.477518;-16.238989;15.22;87;1025;13.07;14.71;1607673600
A-MR;2020-12-11 09:00:00;9;0;1607677200;28.50178;-16.148914;15.34;87;1028;13.19;15.28;1607677200
A-MR;2020-12-11 10:00:00;10;0;1607680800;28.501234000000004;-16.148764;16.68;82;1028;13.6;16.76;1607680800
A-MR;2020-12-11 11:00:00;11;0;1607684400;28.501034000000004;-16.147753;16.73;82;1028;13.64;15.0;1607684400
A-MR;2020-12-11 12:00:00;12;0;1607688000;28.502045000000003;-16.14933;17.97;77;1028;13.88;17.37;1607688000
A-MR;2020-12-11 13:00:00;13;0;1607691600;28.500988;-16.148073;17.85;87;1027;15.66;17.54;1607691600
A-MR;2020-12-11 14:00:00;14;0;1607695200;28.501783000000003;-16.149193;18.19;82;1026;15.07;17.31;1607695200
A-MR;2020-12-11 16:00:00;16;0;1607702400;28.501507;-16.149555;18.84;82;1024;15.7;19.24;1607702400
A-MR;2020-12-11 17:00:00;17;0;1607706000;28.501820000000002;-16.149548;18.48;82;1024;15.35;18.75;1607706000
A-MR;2020-12-11 18:00:00;18;0;1607709600;28.501641999999997;-16.149473;17.48;87;1025;15.29;18.15;1607709600
A-MR;2020-12-11 19:00:00;19;0;1607713200;28.501175;-16.149245999999998;17.5;93;1024;16.36;18.15;1607713200
A-MR;2020-12-11 20:00:00;20;0;1607716800;28.500890999999996;-16.147762;17.38;93;1024;16.24;17.29;1607716800
A-MR;2020-12-11 21:00:00;21;0;1607720400;28.501389;-16.148773000000002;17.53;100;1024;17.53;18.66;1607720400
A-MR;2020-12-11 22:00:00;22;0;1607724000;28.501656;-16.149328;16.92;93;1025;15.78;17.77;1607724000
A-MR;2020-12-11 23:00:00;23;0;1607727600;28.501192;-16.148301999999997;16.85;100;1025;16.85;17.7;1607727600
A-NV;2020-12-11 00:00:00;0;0;1607644800;28.594395000000002;-15.674635999999998;14.87;82;1027;11.83;14.39;1607644800
A-NV;2020-12-11 01:00:00;1;0;1607648400;28.711171999999998;-15.703723000000002;14.31;82;1025;11.28;12.89;1607648400
A-NV;2020-12-11 02:00:00;2;0;1607652000;28.801945;-15.782834;14.31;87;1026;12.18;14.28;1607652000
A-NV;2020-12-11 03:00:00;3;0;1607655600;28.794978999999998;-15.89139;14.28;87;1026;12.15;14.24;1607655600
A-NV;2020-12-11 04:00:00;4;0;1607659200;28.707062;-15.821457;15.05;82;1026;12.0;14.62;1607659200
A-NV;2020-12-11 05:00:00;5;0;1607662800;28.61027;-15.776673;14.92;87;1027;12.78;10.52;1607662800
A-NV;2020-12-11 06:00:00;6;0;1607666400;28.510612;-15.869969000000001;14.75;87;1024;12.61;14.51;1607666400
A-NV;2020-12-11 07:00:00;7;0;1607670000;28.437034999999998;-15.972229;15.02;87;1026;12.88;14.44;1607670000
A-NV;2020-12-11 08:00:00;8;0;1607673600;28.456507000000002;-16.110132;15.12;87;1024;12.97;14.57;1607673600
A-NV;2020-12-11 09:00:00;9;0;1607677200;28.472927000000002;-16.205629000000002;15.37;87;1028;13.22;15.32;1607677200
A-NV;2020-12-11 10:00:00;10;0;1607680800;28.474771;-16.239683;16.68;82;1028;13.6;16.76;1607680800
A-NV;2020-12-11 11:00:00;11;0;1607684400;28.474775;-16.239687;16.71;82;1028;13.62;14.98;1607684400
A-NV;2020-12-11 12:00:00;12;0;1607688000;28.474777000000003;-16.239691;17.95;77;1028;13.86;17.35;1607688000
A-NV;2020-12-11 13:00:00;13;0;1607691600;28.474783000000002;-16.239689000000002;18.64;87;1027;16.43;18.62;1607691600
A-NV;2020-12-11 14:00:00;14;0;1607695200;28.474777000000003;-16.239687;18.87;82;1026;15.73;18.23;1607695200
A-NV;2020-12-11 15:00:00;15;0;1607698800;28.474783000000002;-16.239689000000002;19.57;77;1024;15.43;19.52;1607698800
A-NV;2020-12-11 16:00:00;16;0;1607702400;28.47477;-16.239687;19.21;82;1024;16.06;19.75;1607702400
A-NV;2020-12-11 17:00:00;17;0;1607706000;28.474781;-16.239687;18.55;82;1024;15.42;18.85;1607706000
A-NV;2020-12-11 18:00:00;18;0;1607709600;28.474783000000002;-16.239683;17.69;87;1025;15.5;18.44;1607709600
A-NV;2020-12-11 19:00:00;19;0;1607713200;28.47477;-16.239683;17.62;93;1024;16.48;18.32;1607713200
A-NV;2020-12-11 20:00:00;20;0;1607716800;28.47477;-16.239687;17.52;93;1025;16.38;17.48;1607716800
A-NV;2020-12-11 21:00:00;21;0;1607720400;28.474768;-16.239689000000002;17.75;100;1024;17.75;18.97;1607720400
A-NV;2020-12-11 22:00:00;22;0;1607724000;28.474773;-16.239685;17.21;93;1025;16.07;18.17;1607724000
A-NV;2020-12-11 23:00:00;23;0;1607727600;28.474775;-16.239689000000002;17.28;100;1025;17.28;18.3;1607727600
A-PL;2020-12-11 00:00:00;0;0;1607644800;28.946165;-13.536531;19.29;68;1025;13.24;17.08;1607644800
A-PL;2020-12-11 01:00:00;1;0;1607648400;28.966865999999996;-13.532526999999998;18.25;72;1024;13.12;16.35;1607648400
A-PL;2020-12-11 02:00:00;2;0;1607652000;28.966866999999997;-13.532529;19.25;72;1024;14.08;16.97;1607652000
A-PL;2020-12-11 03:00:00;3;0;1607655600;28.966865999999996;-13.532529;18.5;82;1024;15.37;16.26;1607655600
A-PL;2020-12-11 04:00:00;4;0;1607659200;28.966866999999997;-13.532523000000001;18.25;82;1024;15.13;14.17;1607659200
A-PL;2020-12-11 05:00:00;5;0;1607662800;28.966865999999996;-13.532526;18.25;77;1024;14.15;17.04;1607662800
A-PL;2020-12-11 06:00:00;6;0;1607666400;28.966866999999997;-13.532523000000001;17.25;77;1024;13.19;15.37;1607666400
A-PL;2020-12-11 07:00:00;7;0;1607670000;28.966864;-13.532525;17.25;82;1024;14.15;16.39;1607670000
A-PL;2020-12-11 08:00:00;8;0;1607673600;28.966864;-13.532532000000002;18.0;77;1025;13.91;15.66;1607673600
A-PL;2020-12-11 09:00:00;9;0;1607677200;28.966869;-13.532531;19.75;77;1025;15.61;17.25;1607677200
A-PL;2020-12-11 10:00:00;10;0;1607680800;28.966866999999997;-13.532526;20.25;77;1026;16.09;18.28;1607680800
A-PL;2020-12-11 11:00:00;11;0;1607684400;28.966871;-13.532532000000002;21.0;73;1026;15.98;18.29;1607684400
A-PL;2020-12-11 12:00:00;12;0;1607688000;28.966873;-13.53254;21.25;77;1025;17.06;19.31;1607688000
A-PL;2020-12-11 13:00:00;13;0;1607691600;28.966879;-13.532528;22.0;68;1024;15.83;19.23;1607691600
A-PL;2020-12-11 14:00:00;14;0;1607695200;28.966869;-13.532526999999998;22.75;69;1023;16.77;19.64;1607695200
A-PL;2020-12-11 15:00:00;15;0;1607698800;28.966873;-13.532531;22.0;73;1023;16.94;18.96;1607698800
A-PL;2020-12-11 16:00:00;16;0;1607702400;28.966862;-13.532528;22.0;73;1023;16.94;18.96;1607702400
A-PL;2020-12-11 17:00:00;17;0;1607706000;28.966873;-13.532534;21.0;77;1023;16.82;17.21;1607706000
A-PL;2020-12-11 18:00:00;18;0;1607709600;28.966869;-13.532521;20.0;82;1023;16.84;16.92;1607709600
A-PL;2020-12-11 19:00:00;19;0;1607713200;28.966862;-13.53253;19.25;88;1023;17.21;15.98;1607713200
A-PL;2020-12-11 20:00:00;20;0;1607716800;28.891521;-13.625274;19.38;88;1023;17.34;17.56;1607716800
A-PL;2020-12-11 21:00:00;21;0;1607720400;28.800226000000002;-13.871946;19.5;82;1024;16.35;17.63;1607720400
A-PL;2020-12-11 22:00:00;22;0;1607724000;28.728979;-14.12045;19.54;82;1023;16.39;16.28;1607724000
A-PL;2020-12-11 23:00:00;23;0;1607727600;28.615211;-14.365563;20.0;77;1023;15.85;16.54;1607727600
A-PM;2020-12-11 00:00:00;0;0;1607644800;25.271616;55.2785;19.04;56;1017;10.07;18.05;1607644800
A-PM;2020-12-11 01:00:00;1;0;1607648400;25.271632999999998;55.2785;18.11;59;1017;9.98;16.33;1607648400
A-PM;2020-12-11 02:00:00;2;0;1607652000;25.271632999999998;55.278515000000006;17.8;59;1018;9.69;16.29;1607652000
A-PM;2020-12-11 03:00:00;3;0;1607655600;25.271632999999998;55.278515000000006;17.19;59;1018;9.12;15.18;1607655600
A-PM;2020-12-11 04:00:00;4;0;1607659200;25.271632999999998;55.2785;17.5;63;1019;10.39;15.83;1607659200
A-PM;2020-12-11 05:00:00;5;0;1607662800;25.271632999999998;55.2785;20.11;56;1020;11.07;18.63;1607662800
A-PM;2020-12-11 06:00:00;6;0;1607666400;25.27165;55.2785;22.11;56;1020;12.93;21.2;1607666400
A-PM;2020-12-11 07:00:00;7;0;1607670000;25.271632999999998;55.278515000000006;24.55;47;1019;12.51;24.27;1607670000
A-PM;2020-12-11 08:00:00;8;0;1607673600;25.271632999999998;55.2785;25.34;41;1019;11.15;25.0;1607673600
A-PM;2020-12-11 09:00:00;9;0;1607677200;25.27165;55.2785;26.24;31;1018;7.79;25.02;1607677200
A-PM;2020-12-11 10:00:00;10;0;1607680800;25.27165;55.2785;26.95;32;1017;8.87;24.52;1607680800
A-PM;2020-12-11 11:00:00;11;0;1607684400;25.271667;55.2785;26.35;31;1016;7.88;22.63;1607684400
A-PM;2020-12-11 12:00:00;12;0;1607688000;25.271632999999998;55.2785;26.18;34;1016;9.1;21.99;1607688000
A-PM;2020-12-11 13:00:00;13;0;1607691600;25.27165;55.2785;25.28;44;1016;12.16;21.95;1607691600
A-PM;2020-12-11 14:00:00;14;0;1607695200;25.27165;55.2785;24.23;50;1016;13.16;21.64;1607695200
A-PM;2020-12-11 15:00:00;15;0;1607698800;25.271632999999998;55.2785;23.87;50;1017;12.83;22.22;1607698800
A-PM;2020-12-11 16:00:00;16;0;1607702400;25.27165;55.2785;23.44;47;1017;11.49;21.03;1607702400
A-PM;2020-12-11 17:00:00;17;0;1607706000;25.271632999999998;55.278484;23.0;47;1018;11.09;20.83;1607706000
A-PM;2020-12-11 18:00:00;18;0;1607709600;25.271632999999998;55.278515000000006;22.05;49;1018;10.85;21.28;1607709600
A-PM;2020-12-11 19:00:00;19;0;1607713200;25.27165;55.2785;21.1;56;1018;11.99;19.89;1607713200
A-PM;2020-12-11 20:00:00;20;0;1607716800;25.271632999999998;55.278515000000006;20.48;56;1017;11.41;19.45;1607716800
A-PM;2020-12-11 21:00:00;21;0;1607720400;25.27165;55.2785;20.3;56;1017;11.25;19.64;1607720400
A-PM;2020-12-11 22:00:00;22;0;1607724000;25.271632999999998;55.2785;19.75;60;1017;11.77;18.48;1607724000
A-PM;2020-12-11 23:00:00;23;0;1607727600;25.271632999999998;55.2785;19.15;63;1017;11.95;18.7;1607727600
A-SL;2020-12-11 00:00:00;0;0;1607644800;43.342999;5.336469999999999;-0.32;60;1008;-6.37;-4.19;1607644800
A-SL;2020-12-11 01:00:00;1;0;1607648400;43.34301;5.336473000000001;0.0;61;1007;-5.87;-4.94;1607648400
A-SL;2020-12-11 02:00:00;2;0;1607652000;43.343006;5.336475;0.05;62;1007;-5.64;-4.17;1607652000
A-SL;2020-12-11 03:00:00;3;0;1607655600;43.343002;5.336482;0.0;63;1006;-5.49;-4.55;1607655600
A-SL;2020-12-11 04:00:00;4;0;1607659200;43.34301;5.336478;0.11;64;1006;-5.22;-3.64;1607659200
A-SL;2020-12-11 05:00:00;5;0;1607662800;43.34301;5.3364769999999995;1.0;67;1005;-3.92;-3.72;1607662800
A-SL;2020-12-11 06:00:00;6;0;1607666400;43.34301;5.3364769999999995;3.43;80;1006;0.31;0.02;1607666400
A-SL;2020-12-11 07:00:00;7;0;1607670000;43.343014000000004;5.336476;3.78;86;1006;1.66;1.35;1607670000
A-SL;2020-12-11 08:00:00;8;0;1607673600;43.34301;5.336469999999999;6.31;93;1006;5.26;3.42;1607673600
A-SL;2020-12-11 09:00:00;9;0;1607677200;43.343002;5.336473000000001;7.84;81;1005;4.79;5.2;1607677200
A-SL;2020-12-11 10:00:00;10;0;1607680800;43.343002;5.336474;7.67;87;1006;5.65;5.21;1607680800
A-SL;2020-12-11 11:00:00;11;0;1607684400;43.34301;5.336473000000001;7.59;100;1005;7.59;4.86;1607684400
A-SL;2020-12-11 12:00:00;12;0;1607688000;43.343006;5.336478;8.2;87;1004;6.17;4.45;1607688000
A-SL;2020-12-11 13:00:00;13;0;1607691600;43.343014000000004;5.336469;8.57;93;1003;7.5;4.0;1607691600
A-SL;2020-12-11 14:00:00;14;0;1607695200;43.34301;5.336474;8.74;93;1002;7.67;6.03;1607695200
A-SL;2020-12-11 15:00:00;15;0;1607698800;43.343002;5.336473000000001;8.61;87;1003;6.57;5.65;1607698800
A-SL;2020-12-11 16:00:00;16;0;1607702400;43.343014000000004;5.336482;8.46;87;1002;6.42;5.46;1607702400
A-SL;2020-12-11 17:00:00;17;0;1607706000;43.34301;5.3364720000000005;8.39;87;1002;6.36;5.73;1607706000
A-SL;2020-12-11 18:00:00;18;0;1607709600;43.343002;5.336475;8.44;93;1001;7.37;3.14;1607709600
A-SL;2020-12-11 19:00:00;19;0;1607713200;43.34301;5.336473000000001;8.5;93;1001;7.43;6.43;1607713200
A-SL;2020-12-11 20:00:00;20;0;1607716800;43.34301;5.336468;8.4;93;1001;7.34;6.73;1607716800
A-SL;2020-12-11 21:00:00;21;0;1607720400;43.343006;5.336475;8.56;93;1002;7.49;6.93;1607720400
A-SL;2020-12-11 22:00:00;22;0;1607724000;43.343006;5.336473000000001;8.55;93;1001;7.48;7.61;1607724000
A-SL;2020-12-11 23:00:00;23;0;1607727600;43.343006;5.3364769999999995;8.51;93;1001;7.44;7.56;1607727600
A-ST;2020-12-11 00:00:00;0;0;1607644800;28.063000000000002;-15.39465;18.41;68;1025;12.4;14.11;1607644800
A-ST;2020-12-11 01:00:00;1;0;1607648400;28.063101;-15.394934;18.26;68;1025;12.26;13.57;1607648400
A-ST;2020-12-11 02:00:00;2;0;1607652000;28.063017;-15.394982999999998;18.25;68;1025;12.25;14.6;1607652000
A-ST;2020-12-11 03:00:00;3;0;1607655600;28.06315;-15.394882999999998;18.25;72;1025;13.12;14.53;1607655600
A-ST;2020-12-11 04:00:00;4;0;1607659200;28.06295;-15.3945;18.09;68;1024;12.1;13.35;1607659200
A-ST;2020-12-11 05:00:00;5;0;1607662800;28.062883000000003;-15.395;17.92;68;1024;11.94;13.83;1607662800
A-ST;2020-12-11 06:00:00;6;0;1607666400;28.062915999999998;-15.394366;18.09;68;1024;12.1;14.4;1607666400
A-ST;2020-12-11 07:00:00;7;0;1607670000;28.062883000000003;-15.394882999999998;17.71;82;1024;14.6;14.49;1607670000
A-ST;2020-12-11 08:00:00;8;0;1607673600;28.063084000000003;-15.395017000000001;17.34;82;1021;14.24;12.18;1607673600
A-ST;2020-12-11 09:00:00;9;0;1607677200;28.062883000000003;-15.394584;18.04;77;1021;13.95;14.6;1607677200
A-ST;2020-12-11 10:00:00;10;0;1607680800;28.063216999999998;-15.39395;19.82;64;1022;12.82;14.18;1607680800
A-ST;2020-12-11 11:00:00;11;0;1607684400;28.063115999999997;-15.39415;21.08;64;1026;14.01;16.6;1607684400
A-ST;2020-12-11 12:00:00;12;0;1607688000;28.063315999999997;-15.394167000000001;21.79;60;1025;13.69;16.85;1607688000
A-ST;2020-12-11 13:00:00;13;0;1607691600;28.063101;-15.394433;21.4;73;1024;16.36;15.96;1607691600
A-ST;2020-12-11 14:00:00;14;0;1607695200;28.063101;-15.39435;21.96;64;1024;14.85;16.31;1607695200
A-ST;2020-12-11 15:00:00;15;0;1607698800;28.063115999999997;-15.393932999999999;22.29;64;1023;15.16;17.1;1607698800
A-ST;2020-12-11 16:00:00;16;0;1607702400;28.063034000000002;-15.394233999999999;21.6;73;1023;16.56;17.29;1607702400
A-ST;2020-12-11 17:00:00;17;0;1607706000;28.063049;-15.394282999999998;20.7;82;1020;17.52;16.78;1607706000
A-ST;2020-12-11 18:00:00;18;0;1607709600;28.063232;-15.395284;19.44;88;1023;17.4;16.24;1607709600
A-ST;2020-12-11 19:00:00;19;0;1607713200;28.062983000000003;-15.395032999999998;19.27;88;1023;17.23;16.7;1607713200
A-ST;2020-12-11 20:00:00;20;0;1607716800;28.06325;-15.3953;19.1;88;1023;17.07;16.82;1607716800
A-ST;2020-12-11 21:00:00;21;0;1607720400;28.063000000000002;-15.39475;18.93;88;1024;16.9;16.23;1607720400
A-ST;2020-12-11 22:00:00;22;0;1607724000;28.06325;-15.395267;18.76;88;1024;16.73;16.34;1607724000
A-ST;2020-12-11 23:00:00;23;0;1607727600;28.06295;-15.39485;18.4;93;1024;17.25;16.54;1607727600
C-AT;2020-12-11 00:00:00;0;0;1607644800;31.223789;122.452225;10.0;81;1021;6.89;6.48;1607644800
C-AT;2020-12-11 01:00:00;1;0;1607648400;31.223343;122.451591;11.0;76;1022;6.94;6.79;1607648400
C-AT;2020-12-11 02:00:00;2;0;1607652000;31.223340999999998;122.451828;11.0;76;1022;6.94;6.79;1607652000
C-AT;2020-12-11 03:00:00;3;0;1607655600;31.2234;122.451935;10.0;81;1021;6.89;7.18;1607655600
C-AT;2020-12-11 04:00:00;4;0;1607659200;31.223366;122.45185900000001;11.0;76;1021;6.94;8.89;1607659200
C-AT;2020-12-11 05:00:00;5;0;1607662800;31.223232;122.45178999999999;11.0;76;1020;6.94;8.19;1607662800
C-AT;2020-12-11 06:00:00;6;0;1607666400;31.223253000000003;122.45185900000001;11.0;76;1020;6.94;8.19;1607666400
C-AT;2020-12-11 07:00:00;7;0;1607670000;31.223221000000002;122.451378;10.0;87;1020;7.94;8.12;1607670000
C-AT;2020-12-11 08:00:00;8;0;1607673600;31.223339000000003;122.45109599999999;10.0;87;1020;7.94;7.42;1607673600
C-AT;2020-12-11 09:00:00;9;0;1607677200;31.223375;122.45105;10.0;81;1020;6.89;5.78;1607677200
C-AT;2020-12-11 10:00:00;10;0;1607680800;31.223808000000002;122.45158400000001;10.0;76;1020;5.97;6.27;1607680800
C-AT;2020-12-11 11:00:00;11;0;1607684400;31.223892;122.45251499999999;10.0;76;1021;5.97;5.57;1607684400
C-AT;2020-12-11 12:00:00;12;0;1607688000;31.223623;122.45206499999999;10.0;71;1021;4.99;5.37;1607688000
C-AT;2020-12-11 13:00:00;13;0;1607691600;31.223629;122.45220900000001;9.0;76;1021;5.0;5.77;1607691600
C-AT;2020-12-11 14:00:00;14;0;1607695200;31.223570000000002;122.452164;9.0;76;1022;5.0;5.77;1607695200
C-AT;2020-12-11 15:00:00;15;0;1607698800;31.223710999999998;122.452568;9.0;76;1022;5.0;5.77;1607698800
C-AT;2020-12-11 16:00:00;16;0;1607702400;31.223917;122.45264399999999;9.0;76;1022;5.0;4.37;1607702400
C-AT;2020-12-11 17:00:00;17;0;1607706000;31.223473;122.452324;9.0;76;1021;5.0;4.37;1607706000
C-AT;2020-12-11 18:00:00;18;0;1607709600;31.223709000000003;122.45266699999999;8.0;81;1022;4.94;3.36;1607709600
C-AT;2020-12-11 19:00:00;19;0;1607713200;31.223491999999997;122.45241499999999;7.0;81;1021;3.97;2.17;1607713200
C-AT;2020-12-11 20:00:00;20;0;1607716800;31.223584999999996;122.45251499999999;7.0;81;1021;3.97;2.87;1607716800
C-AT;2020-12-11 21:00:00;21;0;1607720400;31.223688;122.452568;6.0;87;1021;4.0;3.28;1607720400
C-AT;2020-12-11 22:00:00;22;0;1607724000;31.223799;122.45255300000001;6.0;87;1022;4.0;2.58;1607724000
C-AT;2020-12-11 23:00:00;23;0;1607727600;31.223961;122.452629;7.0;81;1022;3.97;2.87;1607727600
C-DI;2020-12-11 00:00:00;0;0;1607644800;42.101849;11.770516;6.74;100;1004;6.74;4.93;1607644800
C-DI;2020-12-11 01:00:00;1;0;1607648400;42.101867999999996;11.770516;6.88;100;999;6.88;5.45;1607648400
C-DI;2020-12-11 02:00:00;2;0;1607652000;42.101867999999996;11.770516;6.65;100;1005;6.65;4.82;1607652000
C-DI;2020-12-11 03:00:00;3;0;1607655600;42.101849;11.770516;6.52;100;999;6.52;5.01;1607655600
C-DI;2020-12-11 04:00:00;4;0;1607659200;42.101867999999996;11.770516;6.26;100;1004;6.26;4.7;1607659200
C-DI;2020-12-11 05:00:00;5;0;1607662800;42.101867999999996;11.770516;5.75;93;1004;4.71;2.4;1607662800
C-DI;2020-12-11 06:00:00;6;0;1607666400;42.101867999999996;11.770516;5.61;93;1000;4.57;2.23;1607666400
C-DI;2020-12-11 07:00:00;7;0;1607670000;42.101867999999996;11.770516;5.17;93;1000;4.13;1.71;1607670000
C-DI;2020-12-11 08:00:00;8;0;1607673600;42.101867999999996;11.770516;6.32;86;1000;4.15;2.86;1607673600
C-DI;2020-12-11 09:00:00;9;0;1607677200;42.101867999999996;11.770516;7.22;87;1000;5.2;3.27;1607677200
C-DI;2020-12-11 10:00:00;10;0;1607680800;42.101849;11.770516;8.7;75;1000;4.52;3.91;1607680800
C-DI;2020-12-11 11:00:00;11;0;1607684400;42.101867999999996;11.770516;9.47;76;998;5.46;5.57;1607684400
C-DI;2020-12-11 12:00:00;12;0;1607688000;42.101867999999996;11.770516;10.21;71;999;5.19;7.3;1607688000
C-DI;2020-12-11 13:00:00;13;0;1607691600;42.101867999999996;11.770516;10.38;71;998;5.36;8.63;1607691600
C-DI;2020-12-11 14:00:00;14;0;1607695200;42.101867999999996;11.770516;10.92;66;998;4.82;9.41;1607695200
C-DI;2020-12-11 15:00:00;15;0;1607698800;42.101867999999996;11.770516;10.15;66;998;4.09;8.15;1607698800
C-DI;2020-12-11 16:00:00;16;0;1607702400;42.101867999999996;11.770516;8.36;66;998;2.39;6.4;1607702400
C-DI;2020-12-11 17:00:00;17;0;1607706000;42.101867999999996;11.770516;7.37;75;997;3.24;5.21;1607706000
C-DI;2020-12-11 18:00:00;18;0;1607709600;42.101867999999996;11.770516;6.53;87;997;4.53;4.26;1607709600
C-DI;2020-12-11 19:00:00;19;0;1607713200;42.101867999999996;11.770516;6.6;87;997;4.59;4.34;1607713200
C-DI;2020-12-11 20:00:00;20;0;1607716800;42.101867999999996;11.770516;6.51;87;995;4.51;3.82;1607716800
C-DI;2020-12-11 21:00:00;21;0;1607720400;42.101867999999996;11.770516;6.32;93;995;5.27;4.55;1607720400
C-DI;2020-12-11 22:00:00;22;0;1607724000;42.101867999999996;11.770516;6.41;93;996;5.36;4.66;1607724000
C-DI;2020-12-11 23:00:00;23;0;1607727600;42.101849;11.770516;6.15;93;995;5.1;4.0;1607727600
C-FA;2020-12-11 00:00:00;0;0;1607644800;42.07085;11.770598;6.98;100;1004;6.98;5.23;1607644800
C-FA;2020-12-11 01:00:00;1;0;1607648400;42.070827;11.770707000000002;7.09;100;999;7.09;5.71;1607648400
C-FA;2020-12-11 02:00:00;2;0;1607652000;42.070786;11.770594000000001;6.91;100;1004;6.91;5.14;1607652000
C-FA;2020-12-11 03:00:00;3;0;1607655600;42.070805;11.770594000000001;6.72;100;999;6.72;5.26;1607655600
C-FA;2020-12-11 04:00:00;4;0;1607659200;42.070834999999995;11.770681;6.47;100;1004;6.47;4.95;1607659200
C-FA;2020-12-11 05:00:00;5;0;1607662800;42.07114;11.770973;5.95;93;1004;4.91;3.76;1607662800
C-FA;2020-12-11 06:00:00;6;0;1607666400;42.071071999999994;11.770973;5.75;93;1000;4.71;2.4;1607666400
C-FA;2020-12-11 07:00:00;7;0;1607670000;42.070271000000005;11.771433;5.31;93;1000;4.27;1.87;1607670000
C-FA;2020-12-11 08:00:00;8;0;1607673600;42.070293;11.7715;6.38;86;1000;4.21;2.93;1607673600
C-FA;2020-12-11 09:00:00;9;0;1607677200;42.070285999999996;11.771463;7.3;87;1000;5.28;3.36;1607677200
C-FA;2020-12-11 10:00:00;10;0;1607680800;42.070278;11.77154;8.61;75;999;4.44;3.8;1607680800
C-FA;2020-12-11 11:00:00;11;0;1607684400;42.070374;11.771711;9.59;76;998;5.57;5.71;1607684400
C-FA;2020-12-11 12:00:00;12;0;1607688000;42.070408;11.771744;10.3;71;998;5.28;7.41;1607688000
C-FA;2020-12-11 13:00:00;13;0;1607691600;42.070503;11.771842999999999;10.46;71;998;5.43;8.72;1607691600
C-FA;2020-12-11 14:00:00;14;0;1607695200;42.070479999999996;11.771725;11.02;66;998;4.92;9.53;1607695200
C-FA;2020-12-11 15:00:00;15;0;1607698800;42.070484;11.77182;10.26;66;998;4.2;8.28;1607698800
C-FA;2020-12-11 16:00:00;16;0;1607702400;42.070408;11.771535;8.56;66;998;2.58;6.63;1607702400
C-FA;2020-12-11 17:00:00;17;0;1607706000;42.070438;11.771288;7.56;75;997;3.42;5.43;1607706000
C-FA;2020-12-11 18:00:00;18;0;1607709600;42.070484;11.771207;6.96;87;997;4.95;4.77;1607709600
C-FA;2020-12-11 19:00:00;19;0;1607713200;42.070393;11.771505;6.68;87;996;4.67;4.02;1607713200
C-FA;2020-12-11 20:00:00;20;0;1607716800;42.070446000000004;11.771438999999999;6.94;87;995;4.93;4.33;1607716800
C-FA;2020-12-11 21:00:00;21;0;1607720400;42.07058;11.771222999999999;6.39;93;994;5.34;4.63;1607720400
C-FA;2020-12-11 22:00:00;22;0;1607724000;42.070568;11.771355;6.62;93;995;5.57;4.91;1607724000
C-FA;2020-12-11 23:00:00;23;0;1607727600;42.070549;11.771401;6.27;93;995;5.22;4.14;1607727600
C-FO;2020-12-11 00:00:00;0;0;1607644800;42.07671;11.767447;6.91;100;1004;6.91;5.14;1607644800
C-FO;2020-12-11 01:00:00;1;0;1607648400;42.076992;11.767428;7.06;100;999;7.06;5.68;1607648400
C-FO;2020-12-11 02:00:00;2;0;1607652000;42.077206;11.767163;6.87;100;1004;6.87;5.09;1607652000
C-FO;2020-12-11 03:00:00;3;0;1607655600;42.077026000000004;11.767217;6.67;100;998;6.67;5.2;1607655600
C-FO;2020-12-11 04:00:00;4;0;1607659200;42.077129;11.767342;6.44;100;1004;6.44;4.92;1607659200
C-FO;2020-12-11 05:00:00;5;0;1607662800;42.077404;11.767583;5.9;93;1004;4.86;3.7;1607662800
C-FO;2020-12-11 06:00:00;6;0;1607666400;42.0774;11.767692;5.72;93;999;4.68;2.36;1607666400
C-FO;2020-12-11 07:00:00;7;0;1607670000;42.076534;11.768188;5.26;93;1000;4.22;1.81;1607670000
C-FO;2020-12-11 08:00:00;8;0;1607673600;42.076603000000006;11.767997;6.39;86;1000;4.22;2.94;1607673600
C-FO;2020-12-11 09:00:00;9;0;1607677200;42.076611;11.768218;7.3;87;1000;5.28;3.36;1607677200
C-FO;2020-12-11 10:00:00;10;0;1607680800;42.076572;11.768158;8.59;75;999;4.42;3.78;1607680800
C-FO;2020-12-11 11:00:00;11;0;1607684400;42.076607;11.76821;9.57;76;998;5.55;5.69;1607684400
C-FO;2020-12-11 12:00:00;12;0;1607688000;42.076846999999994;11.768505000000001;10.28;71;998;5.26;7.39;1607688000
C-FO;2020-12-11 13:00:00;13;0;1607691600;42.076736;11.768481;10.43;71;998;5.4;8.69;1607691600
C-FO;2020-12-11 14:00:00;14;0;1607695200;42.07687;11.768507000000001;11.0;66;998;4.9;9.5;1607695200
C-FO;2020-12-11 15:00:00;15;0;1607698800;42.076759;11.768312;10.23;66;998;4.17;8.24;1607698800
C-FO;2020-12-11 16:00:00;16;0;1607702400;42.076721;11.76828;8.49;66;997;2.51;6.55;1607702400
C-FO;2020-12-11 17:00:00;17;0;1607706000;42.07679;11.767888000000001;7.45;75;997;3.31;5.3;1607706000
C-FO;2020-12-11 18:00:00;18;0;1607709600;42.076801;11.767872;6.55;87;996;4.54;4.29;1607709600
C-FO;2020-12-11 19:00:00;19;0;1607713200;42.076706;11.767783;6.65;87;996;4.64;3.98;1607713200
C-FO;2020-12-11 20:00:00;20;0;1607716800;42.076752;11.767985000000001;6.88;87;995;4.87;4.26;1607716800
C-FO;2020-12-11 21:00:00;21;0;1607720400;42.076885;11.767883;6.38;93;994;5.33;4.62;1607720400
C-FO;2020-12-11 22:00:00;22;0;1607724000;42.076763;11.768044;6.6;93;995;5.55;4.89;1607724000
C-FO;2020-12-11 23:00:00;23;0;1607727600;42.076805;11.767935000000001;6.23;93;995;5.18;4.09;1607727600
C-FS;2020-12-11 00:00:00;0;0;1607644800;43.532967;9.330186999999999;12.03;68;1007;6.31;8.76;1607644800
C-FS;2020-12-11 01:00:00;1;0;1607648400;43.484268;9.147385;12.09;71;1007;7.0;8.48;1607648400
C-FS;2020-12-11 02:00:00;2;0;1607652000;43.606766;9.090648;11.62;73;1007;6.95;7.54;1607652000
C-FS;2020-12-11 03:00:00;3;0;1607655600;43.703686;9.139137;7.32;72;1005;2.61;5.43;1607655600
C-FS;2020-12-11 04:00:00;4;0;1607659200;43.760784;9.341999000000001;5.43;83;1005;2.78;3.57;1607659200
C-FS;2020-12-11 05:00:00;5;0;1607662800;43.756588;9.558982;4.71;100;1002;4.71;1.71;1607662800
C-FS;2020-12-11 06:00:00;6;0;1607666400;43.81282;9.767752;4.3;93;1002;3.27;0.33;1607666400
C-FS;2020-12-11 07:00:00;7;0;1607670000;43.967449;9.9428;4.68;93;1004;3.65;0.78;1607670000
C-FS;2020-12-11 08:00:00;8;0;1607673600;44.033428;9.897507000000001;4.41;93;1006;3.38;1.16;1607673600
C-FS;2020-12-11 09:00:00;9;0;1607677200;44.08197;9.857437;6.54;81;1004;3.52;3.66;1607677200
C-FS;2020-12-11 10:00:00;10;0;1607680800;44.081787;9.857356;8.33;81;1005;5.27;5.09;1607680800
C-FS;2020-12-11 11:00:00;11;0;1607684400;44.081833;9.85716;9.09;75;1004;4.9;7.24;1607684400
C-FS;2020-12-11 12:00:00;12;0;1607688000;44.081863;9.857201;9.06;66;1005;3.05;6.52;1607688000
C-FS;2020-12-11 13:00:00;13;0;1607691600;44.081875;9.85713;8.61;70;1003;3.45;6.14;1607691600
C-FS;2020-12-11 14:00:00;14;0;1607695200;44.081852000000005;9.857138;8.62;70;1003;3.46;6.15;1607695200
C-FS;2020-12-11 15:00:00;15;0;1607698800;44.081821000000005;9.857242;8.72;81;1002;5.65;6.26;1607698800
C-FS;2020-12-11 16:00:00;16;0;1607702400;44.081947;9.856993;8.27;87;1001;6.24;5.93;1607702400
C-FS;2020-12-11 17:00:00;17;0;1607706000;44.081771999999994;9.8573;7.88;87;1001;5.85;5.46;1607706000
C-FS;2020-12-11 18:00:00;18;0;1607709600;44.081829;9.857402;7.81;87;1001;5.78;6.15;1607709600
C-FS;2020-12-11 19:00:00;19;0;1607713200;44.081821000000005;9.857306;7.59;93;1000;6.53;6.09;1607713200
C-FS;2020-12-11 20:00:00;20;0;1607716800;44.081837;9.857104;7.32;93;1000;6.26;5.41;1607716800
C-FS;2020-12-11 21:00:00;21;0;1607720400;44.081764;9.85714;7.23;93;1000;6.18;5.3;1607720400
C-FS;2020-12-11 22:00:00;22;0;1607724000;44.08181;9.857351;7.32;93;1000;6.26;5.41;1607724000
C-FS;2020-12-11 23:00:00;23;0;1607727600;44.081795;9.857312;7.15;93;999;6.1;5.2;1607727600
C-LU;2020-12-11 00:00:00;0;0;1607644800;44.049285999999995;9.891813;6.28;93;1005;5.23;4.15;1607644800
C-LU;2020-12-11 01:00:00;1;0;1607648400;44.049236;9.89275;5.32;93;1004;4.28;1.88;1607648400
C-LU;2020-12-11 02:00:00;2;0;1607652000;44.049313;9.891691;5.25;93;1004;4.21;1.8;1607652000
C-LU;2020-12-11 03:00:00;3;0;1607655600;44.049129;9.892094;5.22;100;1004;5.22;3.09;1607655600
C-LU;2020-12-11 04:00:00;4;0;1607659200;44.049351;9.892975;4.58;100;1004;4.58;1.2;1607659200
C-LU;2020-12-11 05:00:00;5;0;1607662800;44.049221;9.891943;4.11;100;1004;4.11;0.99;1607662800
C-LU;2020-12-11 06:00:00;6;0;1607666400;44.049282;9.892814999999999;3.61;93;1004;2.59;-0.48;1607666400
C-LU;2020-12-11 07:00:00;7;0;1607670000;44.049;9.892515;4.91;93;1004;3.87;1.05;1607670000
C-LU;2020-12-11 08:00:00;8;0;1607673600;44.049023;9.892311999999999;4.49;93;1006;3.46;1.25;1607673600
C-LU;2020-12-11 09:00:00;9;0;1607677200;44.048977;9.892259;6.25;81;1004;3.24;3.32;1607677200
C-LU;2020-12-11 10:00:00;10;0;1607680800;44.049118;9.892265;8.31;81;1005;5.25;5.06;1607680800
C-LU;2020-12-11 11:00:00;11;0;1607684400;44.049347;9.892135000000001;9.04;75;1004;4.85;7.18;1607684400
C-LU;2020-12-11 12:00:00;12;0;1607688000;44.049656;9.892696;9.63;66;1005;3.6;7.18;1607688000
C-LU;2020-12-11 13:00:00;13;0;1607691600;44.049587;9.892776;8.73;70;1003;3.57;6.28;1607691600
C-LU;2020-12-11 14:00:00;14;0;1607695200;44.049285999999995;9.892468;8.9;70;1003;3.73;6.48;1607695200
C-LU;2020-12-11 15:00:00;15;0;1607698800;44.049541;9.892553;8.71;81;1002;5.64;6.24;1607698800
C-LU;2020-12-11 16:00:00;16;0;1607702400;44.049534;9.892545;8.23;87;1001;6.2;5.88;1607702400
C-LU;2020-12-11 17:00:00;17;0;1607706000;44.049446;9.892767;7.86;87;1001;5.83;5.44;1607706000
C-LU;2020-12-11 18:00:00;18;0;1607709600;44.049263;9.892632;7.85;87;1001;5.82;6.19;1607709600
C-LU;2020-12-11 19:00:00;19;0;1607713200;44.049118;9.892072;7.63;93;1001;6.57;6.14;1607713200
C-LU;2020-12-11 20:00:00;20;0;1607716800;44.049068;9.89194;7.38;93;1000;6.32;5.48;1607716800
C-LU;2020-12-11 21:00:00;21;0;1607720400;44.049084;9.891829;7.26;93;1000;6.2;5.34;1607720400
C-LU;2020-12-11 22:00:00;22;0;1607724000;44.049152;9.891791;7.34;93;1000;6.28;5.43;1607724000
C-LU;2020-12-11 23:00:00;23;0;1607727600;44.049095;9.891862;7.21;93;1000;6.16;5.28;1607727600
C-MD;2020-12-11 00:00:00;0;0;1607644800;1.8595849999999998;104.474785;27.75;81;1010;24.19;29.69;1607644800
C-MD;2020-12-11 01:00:00;1;0;1607648400;1.859563;104.474808;27.81;80;1011;24.04;29.71;1607648400
C-MD;2020-12-11 02:00:00;2;0;1607652000;1.859562;104.47479200000001;27.88;80;1011;24.11;29.72;1607652000
C-MD;2020-12-11 03:00:00;3;0;1607655600;1.859773;104.474884;27.83;80;1011;24.06;29.71;1607655600
C-MD;2020-12-11 04:00:00;4;0;1607659200;1.8596720000000002;104.474815;27.7;80;1010;23.93;29.34;1607659200
C-MD;2020-12-11 05:00:00;5;0;1607662800;1.8595540000000002;104.474731;27.92;78;1009;23.73;29.69;1607662800
C-MD;2020-12-11 06:00:00;6;0;1607666400;1.859362;104.474373;27.88;78;1009;23.69;29.35;1607666400
C-MD;2020-12-11 07:00:00;7;0;1607670000;1.859314;104.474174;28.1;76;1008;23.47;29.74;1607670000
C-MD;2020-12-11 08:00:00;8;0;1607673600;1.8592919999999997;104.474068;28.13;76;1007;23.5;29.93;1607673600
C-MD;2020-12-11 09:00:00;9;0;1607677200;1.8593520000000001;104.473915;28.07;76;1007;23.44;29.92;1607677200
C-MD;2020-12-11 10:00:00;10;0;1607680800;1.8593819999999999;104.474335;28.05;77;1007;23.64;29.96;1607680800
C-MD;2020-12-11 11:00:00;11;0;1607684400;1.8593520000000001;104.474281;27.89;78;1007;23.7;29.76;1607684400
C-MD;2020-12-11 12:00:00;12;0;1607688000;1.859329;104.474243;27.87;79;1009;23.89;30.04;1607688000
C-MD;2020-12-11 13:00:00;13;0;1607691600;1.8593369999999998;104.474106;27.92;80;1010;24.15;30.39;1607691600
C-MD;2020-12-11 14:00:00;14;0;1607695200;1.8593259999999998;104.473885;27.94;80;1011;24.17;30.39;1607695200
C-MD;2020-12-11 15:00:00;15;0;1607698800;1.859377;104.473907;27.95;80;1011;24.18;30.4;1607698800
C-MD;2020-12-11 16:00:00;16;0;1607702400;1.85936;104.473892;27.98;79;1010;24.0;30.37;1607702400
C-MD;2020-12-11 17:00:00;17;0;1607706000;1.859313;104.47404499999999;28.01;78;1010;23.81;30.35;1607706000
C-MD;2020-12-11 18:00:00;18;0;1607709600;1.8592919999999997;104.474136;28.06;78;1009;23.86;30.16;1607709600
C-MD;2020-12-11 19:00:00;19;0;1607713200;1.85932;104.47447199999999;28.05;78;1008;23.85;30.34;1607713200
C-MD;2020-12-11 20:00:00;20;0;1607716800;1.8592919999999997;104.47416700000001;27.99;79;1007;24.01;29.73;1607716800
C-MD;2020-12-11 21:00:00;21;0;1607720400;1.8597270000000001;104.474998;27.99;79;1007;24.01;29.32;1607720400
C-MD;2020-12-11 22:00:00;22;0;1607724000;1.859896;104.474976;28.01;79;1008;24.03;28.8;1607724000
C-MD;2020-12-11 23:00:00;23;0;1607727600;1.8600240000000001;104.475037;27.79;79;1008;23.81;27.85;1607727600
C-ME;2020-12-11 00:00:00;0;0;1607644800;42.518776;10.378736;8.28;87;1006;6.25;6.36;1607644800
C-ME;2020-12-11 01:00:00;1;0;1607648400;42.667263;10.117658;7.73;81;1007;4.68;5.07;1607648400
C-ME;2020-12-11 02:00:00;2;0;1607652000;42.873416999999996;10.038994;7.15;81;1008;4.11;3.68;1607652000
C-ME;2020-12-11 03:00:00;3;0;1607655600;43.11718;10.055495;6.34;100;1008;6.34;4.45;1607655600
C-ME;2020-12-11 04:00:00;4;0;1607659200;43.366023999999996;10.054314;5.0;100;1006;5.0;1.71;1607659200
C-ME;2020-12-11 05:00:00;5;0;1607662800;43.611164;10.084588;3.35;100;1004;3.35;0.09;1607662800
C-ME;2020-12-11 06:00:00;6;0;1607666400;43.84779;10.020598;3.29;100;1004;3.29;0.02;1607666400
C-ME;2020-12-11 07:00:00;7;0;1607670000;44.046333000000004;9.876139;4.93;93;1004;3.89;1.07;1607670000
C-ME;2020-12-11 08:00:00;8;0;1607673600;44.103294;9.837793;4.79;93;1006;3.76;1.61;1607673600
C-ME;2020-12-11 09:00:00;9;0;1607677200;44.104687;9.83769;6.59;81;1004;3.57;3.72;1607677200
C-ME;2020-12-11 10:00:00;10;0;1607680800;44.104687;9.837693;8.4;81;1005;5.33;5.17;1607680800
C-ME;2020-12-11 11:00:00;11;0;1607684400;44.104687;9.837698;9.11;75;1004;4.92;7.27;1607684400
C-ME;2020-12-11 12:00:00;12;0;1607688000;44.104687;9.837696000000001;8.99;66;1005;2.99;6.44;1607688000
C-ME;2020-12-11 13:00:00;13;0;1607691600;44.104694;9.837693;8.53;70;1003;3.38;6.05;1607691600
C-ME;2020-12-11 14:00:00;14;0;1607695200;44.104687;9.837699;8.6;70;1003;3.45;6.13;1607695200
C-ME;2020-12-11 15:00:00;15;0;1607698800;44.104690999999995;9.837693;8.75;81;1002;5.67;6.29;1607698800
C-ME;2020-12-11 16:00:00;16;0;1607702400;44.104690999999995;9.83769;8.29;87;1001;6.26;5.96;1607702400
C-ME;2020-12-11 17:00:00;17;0;1607706000;44.104690999999995;9.837693;7.88;87;1001;5.85;5.46;1607706000
C-ME;2020-12-11 18:00:00;18;0;1607709600;44.102901;9.838365;7.82;87;1001;5.79;6.16;1607709600
C-ME;2020-12-11 19:00:00;19;0;1607713200;43.975651;9.883322999999999;7.63;93;1001;6.57;6.14;1607713200
C-ME;2020-12-11 20:00:00;20;0;1607716800;43.865894;9.813694;7.46;93;1000;6.4;5.58;1607716800
C-ME;2020-12-11 21:00:00;21;0;1607720400;43.797806;9.643519;7.44;93;1000;6.38;5.55;1607720400
C-ME;2020-12-11 22:00:00;22;0;1607724000;43.739853000000004;9.471829;7.3;85;999;4.95;5.54;1607724000
C-ME;2020-12-11 23:00:00;23;0;1607727600;43.682109999999994;9.302429;7.65;85;1001;5.29;6.3;1607727600
C-MG;2020-12-11 00:00:00;0;0;1607644800;44.032821999999996;9.919655;6.27;93;1005;5.22;4.14;1607644800
C-MG;2020-12-11 01:00:00;1;0;1607648400;44.032841;9.919802;5.27;93;1004;4.23;1.82;1607648400
C-MG;2020-12-11 02:00:00;2;0;1607652000;44.032790999999996;9.919963000000001;5.2;93;1004;4.16;1.74;1607652000
C-MG;2020-12-11 03:00:00;3;0;1607655600;44.032771999999994;9.919613;4.91;100;1004;4.91;2.72;1607655600
C-MG;2020-12-11 04:00:00;4;0;1607659200;44.032837;9.920032;4.5;100;1004;4.5;1.11;1607659200
C-MG;2020-12-11 05:00:00;5;0;1607662800;44.032688;9.919621000000001;4.04;100;1004;4.04;0.91;1607662800
C-MG;2020-12-11 06:00:00;6;0;1607666400;44.032616;9.919933;3.55;93;1004;2.53;-0.55;1607666400
C-MG;2020-12-11 07:00:00;7;0;1607670000;44.032726000000004;9.920115;4.83;93;1004;3.8;0.95;1607670000
C-MG;2020-12-11 08:00:00;8;0;1607673600;44.032681;9.919481;4.39;93;1006;3.36;1.13;1607673600
C-MG;2020-12-11 09:00:00;9;0;1607677200;44.032546999999994;9.919728;6.21;81;1004;3.2;3.27;1607677200
C-MG;2020-12-11 10:00:00;10;0;1607680800;44.032669;9.919797;8.28;81;1005;5.22;5.03;1607680800
C-MG;2020-12-11 11:00:00;11;0;1607684400;44.033553999999995;9.919742;9.01;75;1004;4.82;7.15;1607684400
C-MG;2020-12-11 12:00:00;12;0;1607688000;44.033573;9.920119999999999;9.63;66;1005;3.6;7.18;1607688000
C-MG;2020-12-11 13:00:00;13;0;1607691600;44.033627;9.920047;8.79;70;1004;3.63;6.35;1607691600
C-MG;2020-12-11 14:00:00;14;0;1607695200;44.033607;9.920049;8.94;70;1003;3.77;6.53;1607695200
C-MG;2020-12-11 15:00:00;15;0;1607698800;44.033615000000005;9.920027000000001;8.69;81;1003;5.62;6.22;1607698800
C-MG;2020-12-11 16:00:00;16;0;1607702400;44.033634;9.920158;8.21;87;1001;6.18;5.86;1607702400
C-MG;2020-12-11 17:00:00;17;0;1607706000;44.033592;9.920033;7.84;87;1001;5.81;5.41;1607706000
C-MG;2020-12-11 18:00:00;18;0;1607709600;44.033611;9.919962;7.86;87;1001;5.83;6.21;1607709600
C-MG;2020-12-11 19:00:00;19;0;1607713200;44.033553999999995;9.919955999999999;7.63;93;1001;6.57;6.14;1607713200
C-MG;2020-12-11 20:00:00;20;0;1607716800;44.033584999999995;9.92014;7.41;93;1001;6.35;5.52;1607716800
C-MG;2020-12-11 21:00:00;21;0;1607720400;44.03294;9.920072;7.28;93;1000;6.22;5.36;1607720400
C-MG;2020-12-11 22:00:00;22;0;1607724000;44.033279;9.920278999999999;7.5;93;1000;6.44;5.63;1607724000
C-MG;2020-12-11 23:00:00;23;0;1607727600;44.033119;9.920295;7.24;93;1000;6.19;5.31;1607727600
C-PA;2020-12-11 00:00:00;0;0;1607644800;42.09182;11.784505000000001;6.88;100;1004;6.88;5.1;1607644800
C-PA;2020-12-11 01:00:00;1;0;1607648400;42.091815999999994;11.784510000000001;6.95;100;999;6.95;5.54;1607648400
C-PA;2020-12-11 02:00:00;2;0;1607652000;42.091846000000004;11.784510000000001;6.75;100;1004;6.75;4.95;1607652000
C-PA;2020-12-11 03:00:00;3;0;1607655600;42.091808;11.784509;6.61;100;999;6.61;5.12;1607655600
C-PA;2020-12-11 04:00:00;4;0;1607659200;42.091827;11.784496;6.35;100;1004;6.35;4.81;1607659200
C-PA;2020-12-11 05:00:00;5;0;1607662800;42.091839;11.7845;5.87;93;1004;4.83;3.66;1607662800
C-PA;2020-12-11 06:00:00;6;0;1607666400;42.091808;11.784487;5.7;93;1000;4.66;2.34;1607666400
C-PA;2020-12-11 07:00:00;7;0;1607670000;42.091834999999996;11.784485;5.26;93;1001;4.22;1.81;1607670000
C-PA;2020-12-11 08:00:00;8;0;1607673600;42.091834999999996;11.784498;6.33;86;1000;4.16;2.87;1607673600
C-PA;2020-12-11 09:00:00;9;0;1607677200;42.091815999999994;11.784502999999999;7.25;87;1000;5.23;3.3;1607677200
C-PA;2020-12-11 10:00:00;10;0;1607680800;42.091831;11.784505000000001;8.56;75;999;4.39;3.74;1607680800
C-PA;2020-12-11 11:00:00;11;0;1607684400;42.09182;11.784510000000001;9.52;76;999;5.51;5.63;1607684400
C-PA;2020-12-11 12:00:00;12;0;1607688000;42.091839;11.784510000000001;10.26;71;999;5.24;7.36;1607688000
C-PA;2020-12-11 13:00:00;13;0;1607691600;42.091812;11.784496;10.45;71;999;5.42;8.71;1607691600
C-PA;2020-12-11 14:00:00;14;0;1607695200;42.091808;11.784502999999999;10.96;66;998;4.86;9.46;1607695200
C-PA;2020-12-11 15:00:00;15;0;1607698800;42.091815999999994;11.784510000000001;10.22;66;998;4.16;8.23;1607698800
C-PA;2020-12-11 16:00:00;16;0;1607702400;42.091843;11.784505000000001;8.48;66;998;2.5;6.54;1607702400
C-PA;2020-12-11 17:00:00;17;0;1607706000;42.091843;11.784510000000001;7.53;75;998;3.39;5.4;1607706000
C-PA;2020-12-11 18:00:00;18;0;1607709600;42.091793;11.784496;6.94;87;997;4.93;4.75;1607709600
C-PA;2020-12-11 19:00:00;19;0;1607713200;42.091824;11.784507000000001;6.64;87;997;4.63;3.97;1607713200
C-PA;2020-12-11 20:00:00;20;0;1607716800;42.091815999999994;11.784502;6.59;87;995;4.58;3.91;1607716800
C-PA;2020-12-11 21:00:00;21;0;1607720400;42.091812;11.784498;6.34;93;995;5.29;4.57;1607720400
C-PA;2020-12-11 22:00:00;22;0;1607724000;42.091815999999994;11.784476;6.47;93;996;5.42;4.73;1607724000
C-PA;2020-12-11 23:00:00;23;0;1607727600;42.091808;11.78449;6.21;93;996;5.16;4.07;1607727600
C-SE;2020-12-11 00:00:00;0;0;1607644800;15.142857000000001;119.45976999999999;28.03;72;1011;22.51;31.61;1607644800
C-SE;2020-12-11 01:00:00;1;0;1607648400;15.284970999999999;119.43428;28.08;72;1012;22.56;31.82;1607648400
C-SE;2020-12-11 02:00:00;2;0;1607652000;15.428654000000002;119.412094;28.15;71;1012;22.39;31.95;1607652000
C-SE;2020-12-11 03:00:00;3;0;1607655600;15.57279;119.390701;28.14;71;1012;22.38;32.22;1607655600
C-SE;2020-12-11 04:00:00;4;0;1607659200;15.718103;119.36727900000001;28.08;72;1011;22.56;32.62;1607659200
C-SE;2020-12-11 05:00:00;5;0;1607662800;15.863485999999998;119.345123;28.14;72;1010;22.61;32.79;1607662800
C-SE;2020-12-11 06:00:00;6;0;1607666400;16.009634;119.323944;28.28;72;1009;22.75;32.66;1607666400
C-SE;2020-12-11 07:00:00;7;0;1607670000;16.160324;119.30216200000001;28.54;70;1008;22.53;32.53;1607670000
C-SE;2020-12-11 08:00:00;8;0;1607673600;16.313635;119.30748700000001;28.67;71;1008;22.89;32.24;1607673600
C-SE;2020-12-11 09:00:00;9;0;1607677200;16.465721;119.351128;28.42;76;1009;23.78;31.03;1607677200
C-SE;2020-12-11 10:00:00;10;0;1607680800;16.62155;119.394585;28.14;79;1010;24.15;30.6;1607680800
C-SE;2020-12-11 11:00:00;11;0;1607684400;16.778585;119.43994099999999;28.16;79;1011;24.17;30.75;1607684400
C-SE;2020-12-11 12:00:00;12;0;1607688000;16.934509;119.477074;27.91;81;1011;24.34;31.17;1607688000
C-SE;2020-12-11 13:00:00;13;0;1607691600;17.087073999999998;119.518753;27.83;82;1011;24.47;31.39;1607691600
C-SE;2020-12-11 14:00:00;14;0;1607695200;17.234420999999998;119.557594;27.76;83;1011;24.61;31.12;1607695200
C-SE;2020-12-11 15:00:00;15;0;1607698800;17.384207;119.59771699999999;27.51;86;1012;24.96;30.44;1607698800
C-SE;2020-12-11 16:00:00;16;0;1607702400;17.532553;119.637222;27.71;85;1012;24.96;29.68;1607702400
C-SE;2020-12-11 17:00:00;17;0;1607706000;17.679068;119.681923;27.59;86;1011;25.03;28.58;1607706000
C-SE;2020-12-11 18:00:00;18;0;1607709600;17.766329000000002;119.606209;27.26;87;1011;24.9;27.24;1607709600
C-SE;2020-12-11 19:00:00;19;0;1607713200;17.745617000000003;119.47287800000001;27.14;87;1010;24.79;27.23;1607713200
C-SE;2020-12-11 20:00:00;20;0;1607716800;17.722448;119.336052;27.17;85;1010;24.43;26.7;1607716800
C-SE;2020-12-11 21:00:00;21;0;1607720400;17.697160999999998;119.18868300000001;26.92;87;1010;24.57;26.33;1607720400
C-SE;2020-12-11 22:00:00;22;0;1607724000;17.651543;119.028145;26.88;87;1010;24.53;26.42;1607724000
C-SE;2020-12-11 23:00:00;23;0;1607727600;17.487307;118.998993;26.98;87;1011;24.63;26.63;1607727600
